{
  "ClassName": "AEGS_Retaliator",
  "Name": "Aegis Retaliator",
  "Description": "Manufacturer: Aegis Dynamics\nFocus: Heavy Bomber\n\nThis civilian refit of the Retaliator trades the ship's massive torpedo bays for equally massive cargo capacity.",
  "Career": "Combat",
  "Role": "Heavy Bomber",
  "Size": 4,
  "Cargo": 0,
  "Crew": 1,
  "WeaponCrew": 5,
  "OperationsCrew": 0,
  "Mass": 343270.29,
  "IsSpaceship": true,
  "Manufacturer": {
    "Code": "AEG",
    "Name": "Aegis Dynamics"
  },
  "DamageBeforeDestruction": {
    "nose": 120000.0
  },
  "DamageBeforeDetach": {
    "front_left_wing_damage": 1.0,
    "front_left_wing_flp_geom": 1.0,
    "left_wing_rs_geom": 50.0,
    "wing_left_mlr_damage": 240.0,
    "wing_left_rl_damage": 10000.0,
    "wing_left_rl_fin_geom": 50.0,
    "wing_left_m_damage": 2800.0,
    "wing_right_rl_damage": 10000.0,
    "wing_right_rl_fin_geom": 50.0,
    "wing_right_mlr_damage": 240.0,
    "right_wing_rs_geom": 50.0,
    "wing_right_m_damage": 2800.0,
    "front_right_wing_damage": 1.0,
    "front_right_wing_flp_geom": 600.0
  },
  "FlightCharacteristics": {
    "ScmSpeed": 138.0,
    "MaxSpeed": 942.0,
    "ZeroToScm": 3.7400894707172525,
    "ZeroToMax": 25.530175952287333,
    "ScmToZero": 8.049159529046184,
    "MaxToZero": 54.94426287218482,
    "Acceleration": {
      "Main": 36.897513035573226,
      "Retro": 17.14464715253977,
      "Vtol": 15.898772363900179,
      "Maneuvering": 51.47256990985151
    },
    "AccelerationG": {
      "Main": 3.7624991640381484,
      "Retro": 1.7482674378885206,
      "Vtol": 1.6212235678522584,
      "Maneuvering": 5.248741319502937
    }
  },
  "Propulsion": {
    "FuelCapacity": 510000.0,
    "FuelIntakeRate": 32.0,
    "FuelUsage": {
      "Main": 60.95425875,
      "Retro": 36.047143999999996,
      "Vtol": 17.054925625000003,
      "Maneuvering": 55.2156375
    },
    "ThrustCapacity": {
      "Main": 12665820.0,
      "Retro": 5885248.0,
      "Vtol": 5457576.199999999,
      "Maneuvering": 17669004.0
    },
    "IntakeToMainFuelRatio": 0.5249838264992436,
    "IntakeToTankCapacityRatio": 6.274509803921569E-05,
    "TimeForIntakesToFillTank": 15937.5,
    "ManeuveringTimeTillEmpty": 9016.641936463526
  },
  "QuantumTravel": {
    "Speed": 235872000.0,
    "SpoolTime": 2.25,
    "FuelCapacity": 2500.0,
    "Range": 120714630613.23033,
    "PortOlisarToArcCorpTime": 177.75467656186407,
    "PortOlisarToArcCorpFuel": 868.3154406596999,
    "PortOlisarToArcCorpAndBack": 1.439569010831267
  },
  "PilotHardpoints": [],
  "MannedTurrets": [
    {
      "Size": 4,
      "Turret": true,
      "WeaponSizes": [
        3,
        3
      ]
    },
    {
      "Size": 4,
      "Turret": true,
      "WeaponSizes": [
        2,
        2
      ]
    },
    {
      "Size": 4,
      "Turret": true,
      "WeaponSizes": [
        2,
        2
      ]
    },
    {
      "Size": 4,
      "Turret": true,
      "WeaponSizes": [
        3,
        3
      ]
    },
    {
      "Size": 4,
      "Turret": true,
      "WeaponSizes": [
        3,
        3
      ]
    }
  ],
  "RemoteTurrets": [],
  "Insurance": {
    "StandardClaimTime": 31.875,
    "ExpeditedClaimTime": 10.625,
    "ExpeditedCost": 15940.0
  }
}