{
  "ClassName": "AEGS_Redeemer",
  "Name": "Aegis Redeemer",
  "Description": "Manufacturer: Aegis Dynamics\nFocus: Gunship \n\nNow you can own the Next Great Starship! Designed by Star Citizen's backers, the Aegis Redeemer is a powerful fighting ship capable of holding its own in combat with a powerful weapons payload. Dotted with turrets and missiles, the Redeemer also doubles as an armored landing craft capable of delivering armored soldiers for first person combat!",
  "Career": "Combat",
  "Role": "Gunship",
  "Size": 3,
  "Cargo": 0,
  "Crew": 1,
  "WeaponCrew": 4,
  "OperationsCrew": 0,
  "Mass": 51352.06,
  "IsSpaceship": true,
  "Manufacturer": {
    "Code": "AEG",
    "Name": "Aegis Dynamics"
  },
  "DamageBeforeDestruction": {
    "Body": 2400.0
  },
  "DamageBeforeDetach": {
    "nose": 1600.0,
    "Object154799": 1.0,
    "Object154800": 1.0
  },
  "FlightCharacteristics": {
    "ScmSpeed": 208.0,
    "MaxSpeed": 1236.0,
    "ZeroToScm": 0.0600024249876189,
    "ZeroToMax": 0.3565528715610431,
    "ScmToZero": 0.21791052088905424,
    "MaxToZero": 1.2948913645138032,
    "Acceleration": {
      "Main": 3466.5265619334455,
      "Retro": 954.5202276208589,
      "Vtol": 545.8780037256539,
      "Maneuvering": 1406.6062783070436
    },
    "AccelerationG": {
      "Main": 353.48732796207537,
      "Retro": 97.3339735666873,
      "Vtol": 55.66406415262827,
      "Maneuvering": 143.43392036093746
    }
  },
  "Propulsion": {
    "FuelCapacity": 90000.0,
    "FuelIntakeRate": 42.0,
    "FuelUsage": {
      "Main": 2225.1659999999997,
      "Retro": 612.70725,
      "Vtol": 350.3995,
      "Maneuvering": 902.901625
    },
    "ThrustCapacity": {
      "Main": 178013280.0,
      "Retro": 49016580.0,
      "Vtol": 28031960.0,
      "Maneuvering": 72232130.0
    },
    "IntakeToMainFuelRatio": 0.018874996292411444,
    "IntakeToTankCapacityRatio": 0.00046666666666666666,
    "TimeForIntakesToFillTank": 2142.8571428571427,
    "ManeuveringTimeTillEmpty": 34.16056542757677
  },
  "QuantumTravel": {
    "Speed": 124143200.0,
    "SpoolTime": 5.0,
    "FuelCapacity": 1166.66,
    "Range": 107033027522.93579,
    "PortOlisarToArcCorpTime": 337.7337709193899,
    "PortOlisarToArcCorpFuel": 457.008126663,
    "PortOlisarToArcCorpAndBack": 1.2764105624540687
  },
  "PilotHardpoints": [
    {
      "Size": 5,
      "Fixed": true,
      "WeaponSizes": [
        5
      ]
    },
    {
      "Size": 4,
      "Fixed": true,
      "WeaponSizes": [
        4
      ]
    }
  ],
  "MannedTurrets": [
    {
      "Size": 5,
      "Turret": true,
      "WeaponSizes": [
        2,
        2
      ]
    },
    {
      "Size": 5,
      "Turret": true,
      "WeaponSizes": [
        2,
        2
      ]
    }
  ],
  "RemoteTurrets": [
    {
      "Size": 3,
      "Gimballed": true,
      "WeaponSizes": [
        4,
        4
      ]
    },
    {
      "Size": 3,
      "Gimballed": true,
      "WeaponSizes": [
        4,
        4
      ]
    }
  ],
  "Insurance": {
    "StandardClaimTime": 35.1,
    "ExpeditedClaimTime": 5.85,
    "ExpeditedCost": 8775.0
  }
}