{
  "ClassName": "ANVL_Carrack_Expedition",
  "Name": "Anvil Carrack Expedition",
  "Description": "Manufacturer: Anvil Aerospace\nFocus: Expedition / Pathfinder\n\nAdventure calls and Anvil Aerospace answers with the Carrack. Built to endure extreme conditions in both space and atmosphere, this self-sustaining explorer has more than earned its long-standing status as the go-to pathfinder for both military and civilian service. ",
  "Career": "Exploration",
  "Role": "Expedition",
  "Size": 5,
  "Cargo": 456,
  "Crew": 6,
  "WeaponCrew": 4,
  "OperationsCrew": 0,
  "Mass": 97858.0,
  "IsSpaceship": true,
  "Manufacturer": {
    "Code": "ANVL",
    "Name": "Anvil Aerospace"
  },
  "DamageBeforeDestruction": {
    "middle": 48000.0
  },
  "DamageBeforeDetach": {},
  "FlightCharacteristics": {
    "ScmSpeed": 208.0,
    "MaxSpeed": 1236.0,
    "ZeroToScm": 0.12898589260841628,
    "ZeroToMax": 0.766473861846166,
    "ScmToZero": 0.4152567151767831,
    "MaxToZero": 2.4675831728774225,
    "Acceleration": {
      "Main": 1612.579451858816,
      "Retro": 500.89497026303417,
      "Vtol": 572.9109526047947,
      "Maneuvering": 885.7585072247542
    },
    "AccelerationG": {
      "Main": 164.43733846544953,
      "Retro": 51.077071375206316,
      "Vtol": 58.420657732829525,
      "Maneuvering": 90.32222957031719
    }
  },
  "Propulsion": {
    "FuelCapacity": 4385000.0,
    "FuelIntakeRate": 2200.0,
    "FuelUsage": {
      "Main": 1972.5475000000001,
      "Retro": 612.70725,
      "Vtol": 700.799,
      "Maneuvering": 1083.4819499999999
    },
    "ThrustCapacity": {
      "Main": 157803800.0,
      "Retro": 49016580.0,
      "Vtol": 56063920.0,
      "Maneuvering": 86678556.0
    },
    "IntakeToMainFuelRatio": 1.1153090103026668,
    "IntakeToTankCapacityRatio": 0.0005017103762827822,
    "TimeForIntakesToFillTank": 1993.1818181818182,
    "ManeuveringTimeTillEmpty": 13952.150170317242
  },
  "QuantumTravel": {
    "Speed": 61575010.0,
    "SpoolTime": 20.0,
    "FuelCapacity": 44000.0,
    "Range": 1220053238686.779,
    "PortOlisarToArcCorpTime": 680.9150509273161,
    "PortOlisarToArcCorpFuel": 1512.06798898848,
    "PortOlisarToArcCorpAndBack": 14.549610308672179
  },
  "PilotHardpoints": [],
  "MannedTurrets": [
    {
      "Size": 5,
      "Turret": true,
      "WeaponSizes": [
        4,
        4
      ]
    },
    {
      "Size": 5,
      "Turret": true,
      "WeaponSizes": [
        4,
        4
      ]
    },
    {
      "Size": 5,
      "Turret": true,
      "WeaponSizes": [
        4,
        4
      ]
    }
  ],
  "RemoteTurrets": [
    {
      "Size": 5,
      "Gimballed": true,
      "WeaponSizes": [
        4,
        4
      ]
    }
  ],
  "Insurance": {
    "StandardClaimTime": 90.0,
    "ExpeditedClaimTime": 15.0,
    "ExpeditedCost": 22500.0
  }
}