{
  "ClassName": "ANVL_Carrack",
  "Name": "Anvil Carrack",
  "Description": "Manufacturer: Anvil Aerospace\nFocus: Expedition / Pathfinder\n\nAdventure calls and Anvil Aerospace answers with the Carrack. Built to endure extreme conditions in both space and atmosphere, this self-sustaining explorer has more than earned its long-standing status as the go-to pathfinder for both military and civilian service. ",
  "Career": "Exploration",
  "Role": "Expedition",
  "Size": 5,
  "Cargo": 456,
  "Crew": 6,
  "WeaponCrew": 4,
  "OperationsCrew": 0,
  "Mass": 97858.0,
  "IsSpaceship": true,
  "Manufacturer": {
    "Code": "ANVL",
    "Name": "Anvil Aerospace"
  },
  "DamageBeforeDestruction": {
    "middle": 60000.0
  },
  "DamageBeforeDetach": {},
  "FlightCharacteristics": {
    "ScmSpeed": 208.0,
    "MaxSpeed": 1236.0,
    "ZeroToScm": 0.12898589260841628,
    "ZeroToMax": 0.766473861846166,
    "ScmToZero": 0.4152567151767831,
    "MaxToZero": 2.4675831728774225,
    "Acceleration": {
      "Main": 1612.579451858816,
      "Retro": 500.89497026303417,
      "Vtol": 572.9109526047947,
      "Maneuvering": 885.7585072247542
    },
    "AccelerationG": {
      "Main": 164.43733846544953,
      "Retro": 51.077071375206316,
      "Vtol": 58.420657732829525,
      "Maneuvering": 90.32222957031719
    }
  },
  "Propulsion": {
    "FuelCapacity": 15786000.0,
    "FuelIntakeRate": 800.0,
    "FuelUsage": {
      "Main": 440.272602,
      "Retro": 136.7562582,
      "Vtol": 391.04584200000005,
      "Maneuvering": 270.87048749999997
    },
    "ThrustCapacity": {
      "Main": 157803800.0,
      "Retro": 49016580.0,
      "Vtol": 56063920.0,
      "Maneuvering": 86678556.0
    },
    "IntakeToMainFuelRatio": 1.8170560610991642,
    "IntakeToTankCapacityRatio": 5.067781578613962E-05,
    "TimeForIntakesToFillTank": 19732.5,
    "ManeuveringTimeTillEmpty": -70381.41861353135
  },
  "QuantumTravel": {
    "Speed": 59588720.0,
    "SpoolTime": 19.375,
    "FuelCapacity": 44000.0,
    "Range": 1138716356107.6604,
    "PortOlisarToArcCorpTime": 703.6122116736187,
    "PortOlisarToArcCorpFuel": 1620.0728453448,
    "PortOlisarToArcCorpAndBack": 13.579636288094033
  },
  "PilotHardpoints": [],
  "MannedTurrets": [
    {
      "Size": 5,
      "Turret": true,
      "WeaponSizes": [
        4,
        4
      ]
    },
    {
      "Size": 5,
      "Turret": true,
      "WeaponSizes": [
        4,
        4
      ]
    },
    {
      "Size": 5,
      "Turret": true,
      "WeaponSizes": [
        4,
        4
      ]
    }
  ],
  "RemoteTurrets": [
    {
      "Size": 5,
      "Gimballed": true,
      "WeaponSizes": [
        4,
        4
      ]
    }
  ],
  "Insurance": {
    "StandardClaimTime": 45.0,
    "ExpeditedClaimTime": 15.0,
    "ExpeditedCost": 22500.0
  }
}