{
  "ClassName": "CRUS_Starlifter_M2",
  "Name": "Crusader M2 Hercules Starlifter",
  "Description": "Manufacturer: Crusader Industries\nFocus: Medium Freight / Combat\n\nThe M2 Hercules is the UEE's premier tactical starlifter. The ship's potent combination of capacity, maneuverability, and durability make it the obvious choice in large-scale transport, and a robust weapons package assures your cargo, and crew, gets to where they’re going in one piece.",
  "Career": "Transporter",
  "Role": "Courier",
  "Size": 5,
  "Cargo": 522,
  "Crew": 3,
  "WeaponCrew": 3,
  "OperationsCrew": 0,
  "Mass": 3139240.06,
  "IsSpaceship": true,
  "Manufacturer": {
    "Code": "CRUS",
    "Name": "Crusader Industries"
  },
  "DamageBeforeDestruction": {
    "Body": 58500.0
  },
  "DamageBeforeDetach": {
    "Tail_Left": 4680.0,
    "Tail_Right": 4680.0,
    "Wing_Left": 7930.0,
    "Wing_Right": 7930.0
  },
  "FlightCharacteristics": {
    "ScmSpeed": 135.0,
    "MaxSpeed": 963.0,
    "ZeroToScm": 2.83766386454016,
    "ZeroToMax": 20.24200223371981,
    "ScmToZero": 30.69665522476492,
    "MaxToZero": 218.96947393665644,
    "Acceleration": {
      "Main": 47.57434511077181,
      "Retro": 4.397873286568597,
      "Vtol": 18.607761395603497,
      "Maneuvering": 75.33414822694381
    },
    "AccelerationG": {
      "Main": 4.851233023113706,
      "Retro": 0.448458261897135,
      "Vtol": 1.8974635669368984,
      "Maneuvering": 7.68194510708975
    }
  },
  "Propulsion": {
    "FuelCapacity": 20244000.0,
    "FuelIntakeRate": 100.0,
    "FuelUsage": {
      "Main": 1866.8411250000004,
      "Retro": 172.57475,
      "Vtol": 730.1778750000001,
      "Maneuvering": 2956.1496999999995
    },
    "ThrustCapacity": {
      "Main": 149347290.0,
      "Retro": 13805980.0,
      "Vtol": 58414230.0,
      "Maneuvering": 236491976.0
    },
    "IntakeToMainFuelRatio": 0.05356642226316928,
    "IntakeToTankCapacityRatio": 4.939735230191662E-06,
    "TimeForIntakesToFillTank": 202440.0,
    "ManeuveringTimeTillEmpty": 6238.6823436930445
  },
  "QuantumTravel": {
    "Speed": 188697600.0,
    "SpoolTime": 5.625,
    "FuelCapacity": 88000.0,
    "Range": 719189277541.6803,
    "PortOlisarToArcCorpTime": 222.19334570233008,
    "PortOlisarToArcCorpFuel": 5130.2306769252,
    "PortOlisarToArcCorpAndBack": 8.576612392480442
  },
  "PilotHardpoints": [
    {
      "Size": 5,
      "Fixed": true,
      "WeaponSizes": [
        5
      ]
    },
    {
      "Size": 5,
      "Fixed": true,
      "WeaponSizes": [
        5
      ]
    }
  ],
  "MannedTurrets": [],
  "RemoteTurrets": [
    {
      "Size": 5,
      "Gimballed": true,
      "WeaponSizes": [
        4,
        4
      ]
    },
    {
      "Size": 5,
      "Gimballed": true,
      "WeaponSizes": [
        4,
        4
      ]
    },
    {
      "Size": 5,
      "Gimballed": true,
      "WeaponSizes": [
        4,
        4
      ]
    }
  ],
  "Insurance": {
    "StandardClaimTime": 39.0,
    "ExpeditedClaimTime": 8.0,
    "ExpeditedCost": 1810.0
  }
}