{
  "ClassName": "CRUS_Starlifter_C2_BIS2951",
  "Name": "Crusader C2 Hercules Starlifter",
  "Description": "Manufacturer: Crusader Industries\nFocus: Medium Freight\n\nUtilizing the patented Hercules military-grade spaceframe and expanding cargo capacity, while sacrificing barely any firepower, the C2 has taken the private sector by storm. It has become the industry standard for racing teams, ship dealers and manufacturers, construction orgs, mining corporations, and even large-scale touring entertainment outfits.",
  "Career": "Transporter",
  "Role": "Courier",
  "Size": 5,
  "Cargo": 696,
  "Crew": 2,
  "WeaponCrew": 2,
  "OperationsCrew": 0,
  "Mass": 3139240.06,
  "IsSpaceship": true,
  "Manufacturer": {
    "Code": "CRUS",
    "Name": "Crusader Industries"
  },
  "DamageBeforeDestruction": {
    "Body": 45000.0
  },
  "DamageBeforeDetach": {
    "Tail_Left": 3600.0,
    "Tail_Right": 3600.0,
    "Wing_Left": 6600.0,
    "Wing_Right": 6600.0
  },
  "FlightCharacteristics": {
    "ScmSpeed": 135.0,
    "MaxSpeed": 963.0,
    "ZeroToScm": 2.5364697144741184,
    "ZeroToMax": 18.093483963248712,
    "ScmToZero": 23.963878676439403,
    "MaxToZero": 170.9423345586011,
    "Acceleration": {
      "Main": 53.22358048654616,
      "Retro": 5.633478696114754,
      "Vtol": 18.455979438539657,
      "Maneuvering": 90.32382187426596
    },
    "AccelerationG": {
      "Main": 5.427294703973155,
      "Retro": 0.5744549467147898,
      "Vtol": 1.8819861149466197,
      "Maneuvering": 9.210466406421762
    }
  },
  "Propulsion": {
    "FuelCapacity": 5044000.0,
    "FuelIntakeRate": 700.0,
    "FuelUsage": {
      "Main": 2088.5199500000003,
      "Retro": 221.060525,
      "Vtol": 724.221875,
      "Maneuvering": 3544.352
    },
    "ThrustCapacity": {
      "Main": 167081596.0,
      "Retro": 17684842.0,
      "Vtol": 57937750.0,
      "Maneuvering": 283548160.0
    },
    "IntakeToMainFuelRatio": 0.3351655798164628,
    "IntakeToTankCapacityRatio": 0.0001387787470261697,
    "TimeForIntakesToFillTank": 7205.714285714285,
    "ManeuveringTimeTillEmpty": 1595.8510656490066
  },
  "QuantumTravel": {
    "Speed": 59588720.0,
    "SpoolTime": 19.375,
    "FuelCapacity": 88000.0,
    "Range": 2277432712215.321,
    "PortOlisarToArcCorpTime": 703.6122116736187,
    "PortOlisarToArcCorpFuel": 1620.0728453448,
    "PortOlisarToArcCorpAndBack": 27.159272576188066
  },
  "PilotHardpoints": [
    {
      "Size": 5,
      "Fixed": true,
      "WeaponSizes": [
        5
      ]
    },
    {
      "Size": 5,
      "Fixed": true,
      "WeaponSizes": [
        5
      ]
    },
    {
      "Size": 10,
      "Fixed": true,
      "WeaponSizes": [
        10
      ]
    },
    {
      "Size": 10,
      "Fixed": true,
      "WeaponSizes": [
        10
      ]
    }
  ],
  "MannedTurrets": [],
  "RemoteTurrets": [
    {
      "Size": 5,
      "Gimballed": true,
      "WeaponSizes": [
        4,
        4
      ]
    },
    {
      "Size": 5,
      "Gimballed": true,
      "WeaponSizes": [
        4,
        4
      ]
    }
  ]
}