{
  "ClassName": "DRAK_Cutter",
  "Name": "Drake Cutter",
  "Description": "Manufacturer: Drake Interplanetary\nFocus: Light Freight\n\nDesigned for hard-working folks of all stripes, the Cutter packs 4 SCU of cargo room and plenty of wallop into a rough and tumble, compact frame. It's a ship that truly embodies the spirit of Drake: that no matter who you are or what you do, you can reach the stars.",
  "Career": "Starter",
  "Role": "Starter",
  "Size": 2,
  "Cargo": 4,
  "Crew": 1,
  "WeaponCrew": 0,
  "OperationsCrew": 0,
  "Mass": 86877.0,
  "IsSpaceship": true,
  "Manufacturer": {
    "Code": "DRAK",
    "Name": "Drake Interplanetary"
  },
  "DamageBeforeDestruction": {
    "body": 8000.0
  },
  "DamageBeforeDetach": {
    "vtol_l_geo": 3000.0,
    "vtol_r_geo": 3000.0,
    "debrisproxy_spoiler_left": 50.0,
    "debrisproxy_spoiler_right": 50.0
  },
  "FlightCharacteristics": {
    "ScmSpeed": 160.0,
    "MaxSpeed": 1050.0,
    "ZeroToScm": 6.327467587269246,
    "ZeroToMax": 41.52400604145443,
    "ScmToZero": 4.490315097862065,
    "MaxToZero": 29.4676928297198,
    "Acceleration": {
      "Main": 25.286577575192513,
      "Retro": 35.63224328648549,
      "Vtol": 25.23121194332217,
      "Maneuvering": 115.68529300044888
    },
    "AccelerationG": {
      "Main": 2.5785132698868236,
      "Retro": 3.633477558472601,
      "Vtol": 2.572867546733944,
      "Maneuvering": 11.796616693001868
    }
  },
  "Propulsion": {
    "FuelCapacity": 660000.0,
    "FuelIntakeRate": 15.0,
    "FuelUsage": {
      "Main": 27.460275000000003,
      "Retro": 38.695280000000004,
      "Vtol": 27.40015,
      "Maneuvering": 125.62988999999997
    },
    "ThrustCapacity": {
      "Main": 2196822.0,
      "Retro": 3095622.4,
      "Vtol": 2192012.0,
      "Maneuvering": 10050391.199999997
    },
    "IntakeToMainFuelRatio": 0.5462436191917233,
    "IntakeToTankCapacityRatio": 2.2727272727272726E-05,
    "TimeForIntakesToFillTank": 44000.0,
    "ManeuveringTimeTillEmpty": 8767.82558722512
  },
  "QuantumTravel": {
    "Speed": 104280300.0,
    "SpoolTime": 6.5,
    "FuelCapacity": 6000.0,
    "Range": 1020408163265.3062,
    "PortOlisarToArcCorpTime": 402.06396673197145,
    "PortOlisarToArcCorpFuel": 246.53282429159998,
    "PortOlisarToArcCorpAndBack": 12.168764985434914
  },
  "PilotHardpoints": [
    {
      "Size": 2,
      "Fixed": true,
      "WeaponSizes": [
        2
      ]
    },
    {
      "Size": 2,
      "Fixed": true,
      "WeaponSizes": [
        2
      ]
    }
  ],
  "MannedTurrets": [],
  "RemoteTurrets": []
}