{
  "ClassName": "MISC_Starfarer",
  "Name": "MISC Starfarer",
  "Description": "Manufacturer: MISC\nFocus: Heavy Refueling\n\nThe Starfarer differs from traditional bulk freighters in one key way: it is a dedicated fuel platform. The Starfarer is designed not only to load, store and protect fuel stasis units, it is designed to take in spaceborne gases and refine them for use without landing. And while it excels at this, the Starfarer can also be used to ferry traditional bulk cargo pods.",
  "Career": "Support",
  "Role": "Heavy Refuelling",
  "Size": 5,
  "Cargo": 291,
  "Crew": 1,
  "WeaponCrew": 3,
  "OperationsCrew": 0,
  "Mass": 3555606.0,
  "IsSpaceship": true,
  "Manufacturer": {
    "Code": "MIS",
    "Name": "Musashi Industrial & Starflight Concern"
  },
  "DamageBeforeDestruction": {
    "nose": 20000.0,
    "body": 25000.0
  },
  "DamageBeforeDetach": {
    "spoiler_mid": 1200.0,
    "leg_right": 2200.0,
    "leg_left": 2200.0
  },
  "FlightCharacteristics": {
    "ScmSpeed": 85.0,
    "MaxSpeed": 888.0,
    "ZeroToScm": 3.191802476228596,
    "ZeroToMax": 33.344948222246984,
    "ScmToZero": 8.149676360569165,
    "MaxToZero": 85.14014833159317,
    "Acceleration": {
      "Main": 26.630720614151286,
      "Retro": 10.4298620263325,
      "Vtol": 8.672854078882756,
      "Maneuvering": 21.941343332191476
    },
    "AccelerationG": {
      "Main": 2.715577712564959,
      "Retro": 1.0635499231960528,
      "Vtol": 0.8843849771165007,
      "Maneuvering": 2.2373943161332606
    }
  },
  "Propulsion": {
    "FuelCapacity": 6522000.0,
    "FuelIntakeRate": 100.0,
    "FuelUsage": {
      "Main": 1125.145006625,
      "Retro": 392.631932,
      "Vtol": 96.36641250000001,
      "Maneuvering": 243.79616250000004
    },
    "ThrustCapacity": {
      "Main": 94688350.0,
      "Retro": 37084480.0,
      "Vtol": 30837252.0,
      "Maneuvering": 78014772.0
    },
    "IntakeToMainFuelRatio": 0.08887743305190621,
    "IntakeToTankCapacityRatio": 1.5332720024532352E-05,
    "TimeForIntakesToFillTank": 65220.0,
    "ManeuveringTimeTillEmpty": 5685.924154848089
  },
  "QuantumTravel": {
    "Speed": 59588720.0,
    "SpoolTime": 19.375,
    "FuelCapacity": 11000.0,
    "Range": 284679089026.9151,
    "PortOlisarToArcCorpTime": 703.6122116736187,
    "PortOlisarToArcCorpFuel": 1620.0728453448,
    "PortOlisarToArcCorpAndBack": 3.3949090720235082
  },
  "PilotHardpoints": [
    {
      "Size": 6,
      "Turret": true,
      "WeaponSizes": [
        4,
        4
      ]
    },
    {
      "Size": 6,
      "Turret": true,
      "WeaponSizes": [
        4,
        4
      ]
    }
  ],
  "MannedTurrets": [
    {
      "Size": 10,
      "Turret": true,
      "WeaponSizes": [
        4,
        4
      ]
    },
    {
      "Size": 6,
      "Turret": true,
      "WeaponSizes": [
        3,
        3
      ]
    },
    {
      "Size": 6,
      "Turret": true,
      "WeaponSizes": [
        3,
        3
      ]
    }
  ],
  "RemoteTurrets": [],
  "Insurance": {
    "StandardClaimTime": 18.0,
    "ExpeditedClaimTime": 6.0,
    "ExpeditedCost": 9000.0
  }
}