{
  "ClassName": "MISC_Starfarer_Gemini",
  "Name": "MISC Starfarer Gemini",
  "Description": "Manufacturer: MISC\nFocus: Heavy Refueling\n\nThe United Empire of Earth military uses an adapted ‘rough and tumble’ variant of the Starfarer for their front line operations. The G2M Gemini, more commonly the Starfarer Gemini or ‘Star G,’ trades some cargo capacity and maneuverability in exchange for reinforced armor, increased shielding, more powerful engines and stronger versions of the three manned turrets.",
  "Career": "Support",
  "Role": "Heavy Refuelling",
  "Size": 5,
  "Cargo": 291,
  "Crew": 2,
  "WeaponCrew": 3,
  "OperationsCrew": 0,
  "Mass": 3583690.0,
  "IsSpaceship": true,
  "Manufacturer": {
    "Code": "MIS",
    "Name": "Musashi Industrial & Starflight Concern"
  },
  "DamageBeforeDestruction": {
    "nose": 20000.0,
    "body": 25000.0
  },
  "DamageBeforeDetach": {
    "spoiler_mid": 1200.0,
    "leg_right": 2200.0,
    "leg_left": 2200.0
  },
  "FlightCharacteristics": {
    "ScmSpeed": 88.0,
    "MaxSpeed": 889.0,
    "ZeroToScm": 4.584345919889986,
    "ZeroToMax": 46.312312758888616,
    "ScmToZero": 17.864972827928035,
    "MaxToZero": 180.47682777304573,
    "Acceleration": {
      "Main": 19.195759119789937,
      "Retro": 4.925840125680514,
      "Vtol": 8.663125437747127,
      "Maneuvering": 21.916732753112015
    },
    "AccelerationG": {
      "Main": 1.9574226472026843,
      "Retro": 0.5022958955848925,
      "Vtol": 0.8833929318232382,
      "Maneuvering": 2.2348847355248416
    }
  },
  "Propulsion": {
    "FuelCapacity": 6522000.0,
    "FuelIntakeRate": 100.0,
    "FuelUsage": {
      "Main": 814.120377375,
      "Retro": 220.65855000000002,
      "Vtol": 97.0186125,
      "Maneuvering": 245.44617499999995
    },
    "ThrustCapacity": {
      "Main": 68791650.0,
      "Retro": 17652684.0,
      "Vtol": 31045956.0,
      "Maneuvering": 78542776.0
    },
    "IntakeToMainFuelRatio": 0.12283195799917684,
    "IntakeToTankCapacityRatio": 1.5332720024532352E-05,
    "TimeForIntakesToFillTank": 65220.0,
    "ManeuveringTimeTillEmpty": 7793.57224349502
  },
  "QuantumTravel": {
    "Speed": 188697600.0,
    "SpoolTime": 5.625,
    "FuelCapacity": 11000.0,
    "Range": 89898659692.71004,
    "PortOlisarToArcCorpTime": 222.19334570233008,
    "PortOlisarToArcCorpFuel": 5130.2306769252,
    "PortOlisarToArcCorpAndBack": 1.0720765490600552
  },
  "PilotHardpoints": [
    {
      "Size": 6,
      "Turret": true,
      "WeaponSizes": [
        4,
        4
      ]
    },
    {
      "Size": 6,
      "Turret": true,
      "WeaponSizes": [
        4,
        4
      ]
    }
  ],
  "MannedTurrets": [
    {
      "Size": 12,
      "Turret": true,
      "WeaponSizes": [
        5,
        5
      ]
    },
    {
      "Size": 8,
      "Turret": true,
      "WeaponSizes": [
        3,
        3
      ]
    },
    {
      "Size": 8,
      "Turret": true,
      "WeaponSizes": [
        3,
        3
      ]
    }
  ],
  "RemoteTurrets": [],
  "Insurance": {
    "StandardClaimTime": 22.5,
    "ExpeditedClaimTime": 7.5,
    "ExpeditedCost": 11250.0
  }
}