{
  "ClassName": "MISC_Hull_A",
  "Name": "MISC Hull A",
  "Description": "Manufacturer: MISC\nFocus: Medium Freight\n\nThe smallest, most affordable Hull. The Hull A is great for those just striking out in the galaxy on their own. The Hull A is most similar to the Aurora and Mustang, but lacks the ‘jack of all trades’ nature. Where the others trade cargo capacity for firepower or speed, the Hull A is 100% on-mission transport.",
  "Career": "Transporter",
  "Role": "Light Freight",
  "Size": 1,
  "Cargo": 0,
  "Crew": 1,
  "WeaponCrew": 0,
  "OperationsCrew": 0,
  "Mass": 122650.0,
  "IsSpaceship": true,
  "Manufacturer": {
    "Code": "MIS",
    "Name": "Musashi Industrial & Starflight Concern"
  },
  "DamageBeforeDestruction": {
    "body": 10000.0,
    "tail_geo": 3000.0,
    "nose": 10000.0
  },
  "DamageBeforeDetach": {
    "winglet_right": 150.0,
    "winglet_left": 150.0,
    "DEBRIS_cargoplate_top_left": 2000.0,
    "DEBRIS_cargoplate_bot_left": 2000.0,
    "DEBRIS_cargoplate_top_right": 2000.0,
    "DEBRIS_cargoplate_bot_right": 2000.0
  },
  "FlightCharacteristics": {
    "ScmSpeed": 108.0,
    "MaxSpeed": 1000.0,
    "ZeroToScm": 4.2594200382010765,
    "ZeroToMax": 39.439074427787745,
    "ScmToZero": 6.81872653685166,
    "MaxToZero": 63.13635682270055,
    "Acceleration": {
      "Main": 25.35556461475744,
      "Retro": 15.838734610680799,
      "Vtol": 7.3155254790052995,
      "Maneuvering": 10.634956379942926
    },
    "AccelerationG": {
      "Main": 2.5855479900437692,
      "Retro": 1.6151014209183752,
      "Vtol": 0.7459759814359423,
      "Maneuvering": 1.0844637266077948
    }
  },
  "Propulsion": {
    "FuelCapacity": 164000.0,
    "FuelIntakeRate": 7.0,
    "FuelUsage": {
      "Main": 38.87325,
      "Retro": 24.282760000000003,
      "Vtol": 11.215615,
      "Maneuvering": 4.0761793750000015
    },
    "ThrustCapacity": {
      "Main": 3109860.0,
      "Retro": 1942620.8,
      "Vtol": 897249.2,
      "Maneuvering": 1304377.4
    },
    "IntakeToMainFuelRatio": 0.18007241483539452,
    "IntakeToTankCapacityRatio": 4.268292682926829E-05,
    "TimeForIntakesToFillTank": 23428.571428571428,
    "ManeuveringTimeTillEmpty": 4836.140403513807
  },
  "QuantumTravel": {
    "Speed": 89383080.0,
    "SpoolTime": 7.75,
    "FuelCapacity": 10000.0,
    "Range": 1724137931034.483,
    "PortOlisarToArcCorpTime": 469.0748077824125,
    "PortOlisarToArcCorpFuel": 243.178636206,
    "PortOlisarToArcCorpAndBack": 20.561016699527958
  },
  "PilotHardpoints": [
    {
      "Size": 5,
      "Turret": true,
      "WeaponSizes": [
        1,
        1
      ]
    }
  ],
  "MannedTurrets": [],
  "RemoteTurrets": [],
  "Insurance": {
    "StandardClaimTime": 1.8,
    "ExpeditedClaimTime": 0.6,
    "ExpeditedCost": 900.0
  }
}