{
  "ClassName": "ORIG_400i",
  "Name": "Origin 400i",
  "Description": "Manufacturer: Origin Jumpworks\nFocus: Pathfinder\n\nTo explore the stars is a most noble endeavor, and Origin Jumpworks has risen to the occasion in crafting the 400i high-performance pathfinder. With class-leading range, substantial defensive capabilities, and a factory-equipped scanning array, the 400i is ready to take on the harshest corners of the galaxy while maintaining the comfort and elegance Origin is known for. ",
  "Career": "Exploration",
  "Role": "Luxury",
  "Size": 4,
  "Cargo": 42,
  "Crew": 3,
  "WeaponCrew": 2,
  "OperationsCrew": 0,
  "Mass": 430057.06,
  "IsSpaceship": true,
  "Manufacturer": {
    "Code": "ORIG",
    "Name": "Origin Jumpworks"
  },
  "DamageBeforeDestruction": {
    "Body": 20000.0,
    "Bridge": 15000.0
  },
  "DamageBeforeDetach": {
    "WingLeft": 14000.0,
    "WingRight": 14000.0
  },
  "FlightCharacteristics": {
    "ScmSpeed": 185.0,
    "MaxSpeed": 1250.0,
    "ZeroToScm": 3.495792187064526,
    "ZeroToMax": 23.620217480165714,
    "ScmToZero": 7.383554027915876,
    "MaxToZero": 49.88887856699916,
    "Acceleration": {
      "Main": 52.92076590952838,
      "Retro": 25.055684471265277,
      "Vtol": 31.41096672148575,
      "Maneuvering": 78.55887774519967
    },
    "AccelerationG": {
      "Main": 5.396416211111332,
      "Retro": 2.5549687261212086,
      "Vtol": 3.20302715029271,
      "Maneuvering": 8.010775998889672
    }
  },
  "Propulsion": {
    "FuelCapacity": 5339744.0,
    "FuelIntakeRate": 50.0,
    "FuelUsage": {
      "Main": 250.917412725,
      "Retro": 118.79849835,
      "Vtol": 42.214087500000005,
      "Maneuvering": 105.5775
    },
    "ThrustCapacity": {
      "Main": 22758949.0,
      "Retro": 10775374.0,
      "Vtol": 13508508.0,
      "Maneuvering": 33784800.0
    },
    "IntakeToMainFuelRatio": 0.19926875324032975,
    "IntakeToTankCapacityRatio": 9.363744778775912E-06,
    "TimeForIntakesToFillTank": 106794.88,
    "ManeuveringTimeTillEmpty": 21046.962133860005
  },
  "QuantumTravel": {
    "Speed": 132833200.0,
    "SpoolTime": 5.5,
    "FuelCapacity": 4920.0,
    "Range": 414106556687.1476,
    "PortOlisarToArcCorpTime": 315.63909527136286,
    "PortOlisarToArcCorpFuel": 498.13885806266995,
    "PortOlisarToArcCorpAndBack": 4.938382059908508
  },
  "PilotHardpoints": [
    {
      "Size": 4,
      "Fixed": true,
      "WeaponSizes": [
        4
      ]
    },
    {
      "Size": 4,
      "Fixed": true,
      "WeaponSizes": [
        4
      ]
    }
  ],
  "MannedTurrets": [],
  "RemoteTurrets": [
    {
      "Size": 4,
      "Gimballed": true,
      "WeaponSizes": [
        3,
        3
      ]
    },
    {
      "Size": 4,
      "Gimballed": true,
      "WeaponSizes": [
        3,
        3
      ]
    }
  ],
  "Insurance": {
    "StandardClaimTime": 35.0,
    "ExpeditedClaimTime": 6.5,
    "ExpeditedCost": 7258.0
  }
}