{
  "ClassName": "RSI_Bengal",
  "Name": "RSI Bengal Carrier",
  "Description": "<-=MISSING=->",
  "Career": "@LOC_PLACEHOLDER",
  "Role": "@LOC_PLACEHOLDER",
  "Size": 2,
  "Cargo": 0,
  "Crew": 1,
  "WeaponCrew": 89,
  "OperationsCrew": 0,
  "Mass": 113000000.0,
  "IsSpaceship": true,
  "Manufacturer": {
    "Code": "RSI",
    "Name": "Roberts Space Industries"
  },
  "DamageBeforeDestruction": {},
  "DamageBeforeDetach": {
    "Nose": 40000.0,
    "Body": 40000.0,
    "Tail": 40000.0,
    "EngineMount_Right": 40000.0,
    "thruster_right_main": 1.0,
    "thruster_right_top": 1.0,
    "thruster_right_top_antennas": 1.0,
    "EngineMount_Left": 40000.0,
    "thruster_left_main": 1.0,
    "thruster_left_top": 1.0,
    "thruster_left_top_antennas": 1.0,
    "Bridge": 40000.0,
    "$PHYSICS_PROXY_Body": 1.0,
    "$PHYSICS_PROXY_Nose": 1.0
  },
  "FlightCharacteristics": {
    "ScmSpeed": 22.0,
    "MaxSpeed": 900.0,
    "ZeroToScm": 0.7590090651206574,
    "ZeroToMax": 31.050370845845073,
    "ScmToZero": 6.154610957287099,
    "MaxToZero": 251.77953916174496,
    "Acceleration": {
      "Main": 28.985161061946904,
      "Retro": 3.5745557522123894,
      "Vtol": 0.0,
      "Maneuvering": 9.019909734513273
    },
    "AccelerationG": {
      "Main": 2.9556638183159882,
      "Retro": 0.3645032394606193,
      "Vtol": 0.0,
      "Maneuvering": 0.9197748044180211
    }
  },
  "Propulsion": {
    "FuelCapacity": 1103548500.0,
    "FuelIntakeRate": 30.0,
    "FuelUsage": {
      "Main": 40941.53999999999,
      "Retro": 5049.06,
      "Vtol": 0.0,
      "Maneuvering": 12740.622499999994
    },
    "ThrustCapacity": {
      "Main": 3275323200.0,
      "Retro": 403924800.0,
      "Vtol": 0.0,
      "Maneuvering": 1019249800.0
    },
    "IntakeToMainFuelRatio": 0.0007327521143562261,
    "IntakeToTankCapacityRatio": 2.7185030834621226E-08,
    "TimeForIntakesToFillTank": 36784950.0,
    "ManeuveringTimeTillEmpty": 23339.790444436123
  },
  "QuantumTravel": {
    "Speed": 124143200.0,
    "SpoolTime": 5.0,
    "FuelCapacity": 10000.0,
    "Range": 917431192660.5504,
    "PortOlisarToArcCorpTime": 337.7337709193899,
    "PortOlisarToArcCorpFuel": 457.008126663,
    "PortOlisarToArcCorpAndBack": 10.940724482317629
  },
  "PilotHardpoints": [],
  "MannedTurrets": [
    {
      "Size": 9,
      "Turret": true,
      "WeaponSizes": [
        8,
        8
      ]
    },
    {
      "Size": 9,
      "Turret": true,
      "WeaponSizes": [
        8,
        8
      ]
    },
    {
      "Size": 9,
      "Turret": true,
      "WeaponSizes": [
        8,
        8
      ]
    },
    {
      "Size": 9,
      "Turret": true,
      "WeaponSizes": [
        8,
        8
      ]
    },
    {
      "Size": 9,
      "Turret": true,
      "WeaponSizes": [
        8,
        8
      ]
    },
    {
      "Size": 9,
      "Turret": true,
      "WeaponSizes": [
        8,
        8
      ]
    },
    {
      "Size": 9,
      "Turret": true,
      "WeaponSizes": [
        8,
        8
      ]
    },
    {
      "Size": 9,
      "Turret": true,
      "WeaponSizes": [
        8,
        8
      ]
    },
    {
      "Size": 9,
      "Turret": true,
      "WeaponSizes": [
        8,
        8
      ]
    },
    {
      "Size": 9,
      "Turret": true,
      "WeaponSizes": [
        8,
        8
      ]
    },
    {
      "Size": 9,
      "Turret": true,
      "WeaponSizes": [
        8,
        8
      ]
    },
    {
      "Size": 9,
      "Turret": true,
      "WeaponSizes": [
        8,
        8
      ]
    },
    {
      "Size": 9,
      "Turret": true,
      "WeaponSizes": [
        8,
        8
      ]
    },
    {
      "Size": 9,
      "Turret": true,
      "WeaponSizes": [
        8,
        8
      ]
    },
    {
      "Size": 9,
      "Turret": true,
      "WeaponSizes": [
        8,
        8
      ]
    },
    {
      "Size": 9,
      "Turret": true,
      "WeaponSizes": [
        8,
        8
      ]
    },
    {
      "Size": 9,
      "Turret": true,
      "WeaponSizes": [
        8,
        8
      ]
    },
    {
      "Size": 9,
      "Turret": true,
      "WeaponSizes": [
        8,
        8
      ]
    },
    {
      "Size": 9,
      "Turret": true,
      "WeaponSizes": [
        8,
        8
      ]
    },
    {
      "Size": 9,
      "Turret": true,
      "WeaponSizes": [
        8,
        8
      ]
    },
    {
      "Size": 9,
      "Turret": true,
      "WeaponSizes": [
        8,
        8
      ]
    },
    {
      "Size": 9,
      "Turret": true,
      "WeaponSizes": [
        8,
        8
      ]
    }
  ],
  "RemoteTurrets": [
    {
      "Size": 8,
      "Gimballed": true,
      "WeaponSizes": [
        7,
        7
      ]
    },
    {
      "Size": 8,
      "Gimballed": true,
      "WeaponSizes": [
        7,
        7
      ]
    },
    {
      "Size": 8,
      "Gimballed": true,
      "WeaponSizes": [
        7,
        7
      ]
    },
    {
      "Size": 8,
      "Gimballed": true,
      "WeaponSizes": [
        7,
        7
      ]
    },
    {
      "Size": 8,
      "Gimballed": true,
      "WeaponSizes": [
        7,
        7
      ]
    },
    {
      "Size": 8,
      "Gimballed": true,
      "WeaponSizes": [
        7,
        7
      ]
    },
    {
      "Size": 8,
      "Gimballed": true,
      "WeaponSizes": [
        7,
        7
      ]
    },
    {
      "Size": 8,
      "Gimballed": true,
      "WeaponSizes": [
        7,
        7
      ]
    },
    {
      "Size": 8,
      "Gimballed": true,
      "WeaponSizes": [
        7,
        7
      ]
    },
    {
      "Size": 8,
      "Gimballed": true,
      "WeaponSizes": [
        7,
        7
      ]
    },
    {
      "Size": 6,
      "Turret": true,
      "WeaponSizes": []
    },
    {
      "Size": 6,
      "Turret": true,
      "WeaponSizes": []
    },
    {
      "Size": 6,
      "Turret": true,
      "WeaponSizes": []
    },
    {
      "Size": 6,
      "Turret": true,
      "WeaponSizes": []
    },
    {
      "Size": 6,
      "Gimballed": true,
      "WeaponSizes": [
        6
      ]
    },
    {
      "Size": 6,
      "Gimballed": true,
      "WeaponSizes": [
        6
      ]
    },
    {
      "Size": 6,
      "Gimballed": true,
      "WeaponSizes": [
        6
      ]
    },
    {
      "Size": 6,
      "Gimballed": true,
      "WeaponSizes": [
        6
      ]
    },
    {
      "Size": 6,
      "Gimballed": true,
      "WeaponSizes": [
        6
      ]
    },
    {
      "Size": 6,
      "Gimballed": true,
      "WeaponSizes": [
        6
      ]
    },
    {
      "Size": 6,
      "Gimballed": true,
      "WeaponSizes": [
        6
      ]
    },
    {
      "Size": 6,
      "Gimballed": true,
      "WeaponSizes": [
        6
      ]
    },
    {
      "Size": 8,
      "Gimballed": true,
      "WeaponSizes": [
        7,
        7
      ]
    },
    {
      "Size": 8,
      "Gimballed": true,
      "WeaponSizes": [
        7,
        7
      ]
    },
    {
      "Size": 8,
      "Gimballed": true,
      "WeaponSizes": [
        7,
        7
      ]
    },
    {
      "Size": 8,
      "Gimballed": true,
      "WeaponSizes": [
        7,
        7
      ]
    },
    {
      "Size": 8,
      "Gimballed": true,
      "WeaponSizes": [
        7,
        7
      ]
    },
    {
      "Size": 8,
      "Gimballed": true,
      "WeaponSizes": [
        7,
        7
      ]
    },
    {
      "Size": 8,
      "Gimballed": true,
      "WeaponSizes": [
        7,
        7
      ]
    },
    {
      "Size": 8,
      "Gimballed": true,
      "WeaponSizes": [
        7,
        7
      ]
    },
    {
      "Size": 8,
      "Gimballed": true,
      "WeaponSizes": [
        7,
        7
      ]
    },
    {
      "Size": 8,
      "Gimballed": true,
      "WeaponSizes": [
        7,
        7
      ]
    },
    {
      "Size": 8,
      "Gimballed": true,
      "WeaponSizes": [
        7,
        7
      ]
    },
    {
      "Size": 8,
      "Gimballed": true,